-- MySQL dump 10.13  Distrib 8.0.23, for macos10.15 (x86_64)
--
-- Host: localhost    Database: gym
-- ------------------------------------------------------
-- Server version	8.0.23

/*!40101 SET @OLD_CHARACTER_SET_CLIENT=@@CHARACTER_SET_CLIENT */;
/*!40101 SET @OLD_CHARACTER_SET_RESULTS=@@CHARACTER_SET_RESULTS */;
/*!40101 SET @OLD_COLLATION_CONNECTION=@@COLLATION_CONNECTION */;
/*!50503 SET NAMES utf8mb4 */;
/*!40103 SET @OLD_TIME_ZONE=@@TIME_ZONE */;
/*!40103 SET TIME_ZONE='+00:00' */;
/*!40014 SET @OLD_UNIQUE_CHECKS=@@UNIQUE_CHECKS, UNIQUE_CHECKS=0 */;
/*!40014 SET @OLD_FOREIGN_KEY_CHECKS=@@FOREIGN_KEY_CHECKS, FOREIGN_KEY_CHECKS=0 */;
/*!40101 SET @OLD_SQL_MODE=@@SQL_MODE, SQL_MODE='NO_AUTO_VALUE_ON_ZERO' */;
/*!40111 SET @OLD_SQL_NOTES=@@SQL_NOTES, SQL_NOTES=0 */;

--
-- Table structure for table `Enroll`
--

DROP TABLE IF EXISTS `Enroll`;
/*!40101 SET @saved_cs_client     = @@character_set_client */;
/*!50503 SET character_set_client = utf8mb4 */;
CREATE TABLE `Enroll` (
  `lesson_ID` int NOT NULL,
  `member_ID` int NOT NULL,
  PRIMARY KEY (`lesson_ID`,`member_ID`),
  KEY `member_ID` (`member_ID`),
  CONSTRAINT `enroll_ibfk_1` FOREIGN KEY (`lesson_ID`) REFERENCES `Lesson` (`lesson_ID`) ON DELETE RESTRICT ON UPDATE CASCADE,
  CONSTRAINT `enroll_ibfk_2` FOREIGN KEY (`member_ID`) REFERENCES `Member` (`member_ID`) ON DELETE RESTRICT ON UPDATE CASCADE
) ENGINE=InnoDB DEFAULT CHARSET=utf8mb4 COLLATE=utf8mb4_0900_ai_ci;
/*!40101 SET character_set_client = @saved_cs_client */;

--
-- Dumping data for table `Enroll`
--

LOCK TABLES `Enroll` WRITE;
/*!40000 ALTER TABLE `Enroll` DISABLE KEYS */;
INSERT INTO `Enroll` VALUES (80,3),(101,3),(119,3),(106,4),(126,5),(143,5),(62,6),(150,6),(175,6),(62,7),(160,7),(66,9),(44,10),(138,10),(31,11),(96,15),(23,16),(15,17),(17,17),(184,17),(79,19),(145,19),(146,19),(111,20),(76,22),(114,23),(164,23),(75,25),(75,26),(109,26),(155,26),(173,26),(199,26),(64,27),(133,27),(37,28),(125,28),(168,28),(71,30),(181,30),(190,30),(100,31),(167,31),(17,32),(93,32),(103,33),(153,33),(154,33),(158,33),(193,33),(38,34),(198,34),(119,35),(131,35),(151,35),(4,37),(77,37),(121,37),(52,38),(98,38),(139,38),(178,42),(12,43),(72,43),(166,43),(50,44),(70,45),(120,45),(129,45),(25,46),(105,46),(88,47),(198,47),(2,48),(192,49),(26,50),(33,50),(103,50),(60,51),(37,52),(157,52),(180,52),(43,53),(54,54),(78,56),(175,56),(36,58),(68,58),(39,59),(156,59),(20,61),(149,61),(126,62),(71,64),(190,65),(130,66),(117,68),(199,68),(14,69),(122,69),(120,70),(188,70),(79,71),(185,71),(187,71),(57,72),(142,72),(10,74),(121,74),(127,75),(138,75),(145,75),(154,75),(182,75),(47,77),(80,77),(164,77),(68,78),(126,78),(150,81),(131,83),(7,86),(33,86),(77,87),(48,88),(197,88),(113,89),(33,91),(10,92),(26,92),(81,92),(16,93),(44,93),(112,93),(41,95),(122,95),(7,96),(140,97),(180,97),(159,98),(41,99),(194,99),(172,101),(33,102),(27,104),(49,104),(110,104),(160,104),(176,104),(107,105),(130,105),(185,105),(122,106),(152,106),(6,107),(12,111),(83,111),(128,111),(161,111),(144,115),(156,115),(82,116),(190,116),(6,118),(106,119),(125,119),(64,120),(141,120),(183,120),(3,121),(163,121),(181,122),(31,123),(174,123),(37,124),(111,124),(116,124),(113,126),(190,126),(5,127),(16,127),(121,127),(183,127),(97,128),(158,128),(159,128),(162,128),(178,128),(26,129),(48,129),(55,129),(108,129),(141,129),(8,130),(54,130),(61,130),(128,130),(139,130),(185,130),(189,130),(1,131),(16,131),(49,132),(70,132),(82,132),(33,133),(84,133),(130,133),(156,134),(19,135),(65,135),(153,135),(182,135),(45,136),(139,136),(143,136),(178,137),(193,137),(136,138),(159,138),(37,139),(45,139),(154,140),(51,141),(103,141),(36,142),(149,145),(41,146),(148,146),(156,146),(124,147),(19,148),(80,148),(184,148),(186,149),(188,149),(56,152),(73,152),(103,156),(162,156),(168,157),(171,158),(184,159),(51,160),(72,160),(115,162),(5,163),(7,164),(74,164),(137,164),(161,164),(28,165),(113,165),(123,166),(124,167),(190,167),(103,168),(157,169),(184,169),(195,169),(48,170),(101,170),(145,170),(180,170),(90,171),(62,173),(1,174),(32,175),(177,175),(4,177),(117,178),(150,178),(28,180),(41,180),(147,183),(17,184),(89,184),(106,185),(157,185),(189,186),(96,189),(157,189),(177,189),(8,190),(124,190),(147,190),(85,191),(138,191),(149,191),(150,191),(79,192),(9,193),(28,193),(93,193),(104,193),(9,194),(80,194),(198,194),(66,195),(114,195),(136,195),(166,195),(132,196),(176,196),(185,196),(20,197),(148,197),(190,197),(89,198),(107,198),(49,199),(98,199),(150,199),(95,200),(136,200),(53,201),(87,201),(199,201),(14,202),(142,202),(183,202),(58,203),(146,203),(51,205),(94,205),(97,205),(108,205),(173,205),(107,207),(154,207),(155,207),(194,208),(32,211),(166,211),(23,213),(29,213),(123,213),(149,213),(176,213),(74,214),(5,215),(64,215),(72,215),(170,215),(158,216),(125,218),(51,219),(175,219),(5,220),(112,220),(180,223),(62,224),(85,225),(103,225),(57,226),(13,227),(96,227),(108,227),(121,227),(131,227),(24,228),(109,228),(33,229),(181,229),(62,230),(163,231),(163,232),(171,232),(123,233),(108,235),(145,235),(184,235),(17,236),(98,236),(127,236),(154,236),(182,236),(18,237),(27,237),(150,237),(1,238),(172,238),(4,240),(44,241),(145,241),(147,241),(151,241),(46,243),(62,243),(47,244),(114,244),(131,244),(84,246),(178,246),(45,247),(90,247),(87,248),(14,249),(41,249),(179,249);
/*!40000 ALTER TABLE `Enroll` ENABLE KEYS */;
UNLOCK TABLES;

--
-- Table structure for table `Group_Lesson`
--

DROP TABLE IF EXISTS `Group_Lesson`;
/*!40101 SET @saved_cs_client     = @@character_set_client */;
/*!50503 SET character_set_client = utf8mb4 */;
CREATE TABLE `Group_Lesson` (
  `lesson_ID` int NOT NULL,
  PRIMARY KEY (`lesson_ID`),
  CONSTRAINT `group_lesson_ibfk_1` FOREIGN KEY (`lesson_ID`) REFERENCES `Lesson` (`lesson_ID`)
) ENGINE=InnoDB DEFAULT CHARSET=utf8mb4 COLLATE=utf8mb4_0900_ai_ci;
/*!40101 SET character_set_client = @saved_cs_client */;

--
-- Dumping data for table `Group_Lesson`
--

LOCK TABLES `Group_Lesson` WRITE;
/*!40000 ALTER TABLE `Group_Lesson` DISABLE KEYS */;
INSERT INTO `Group_Lesson` VALUES (1),(2),(3),(4),(5),(6),(7),(8),(9),(10);
/*!40000 ALTER TABLE `Group_Lesson` ENABLE KEYS */;
UNLOCK TABLES;

--
-- Table structure for table `Lesson`
--

DROP TABLE IF EXISTS `Lesson`;
/*!40101 SET @saved_cs_client     = @@character_set_client */;
/*!50503 SET character_set_client = utf8mb4 */;
CREATE TABLE `Lesson` (
  `lesson_ID` int NOT NULL,
  `employee_ID` int NOT NULL,
  `lesson_Name` varchar(50) DEFAULT NULL,
  `duration` int NOT NULL,
  `day` varchar(50) NOT NULL,
  `time` varchar(50) NOT NULL,
  PRIMARY KEY (`lesson_ID`,`employee_ID`),
  KEY `employee_ID` (`employee_ID`),
  CONSTRAINT `lesson_ibfk_1` FOREIGN KEY (`employee_ID`) REFERENCES `Employee` (`employee_ID`)
) ENGINE=InnoDB DEFAULT CHARSET=utf8mb4 COLLATE=utf8mb4_0900_ai_ci;
/*!40101 SET character_set_client = @saved_cs_client */;

--
-- Dumping data for table `Lesson`
--

LOCK TABLES `Lesson` WRITE;
/*!40000 ALTER TABLE `Lesson` DISABLE KEYS */;
INSERT INTO `Lesson` VALUES (1,1,'Pilates',30,'Monday','09:00'),(1,2,'Pilates',30,'Monday','10:00'),(1,3,'Pilates',30,'Tuesday','11:00'),(1,4,'Pilates',45,'Tuesday','12:00'),(1,5,'Pilates',45,'Tuesday','13:00'),(1,6,'Pilates',45,'Tuesday','14:00'),(1,7,'Pilates',45,'Tuesday','15:00'),(2,3,'Crossfit',30,'Wednesday','15:00'),(2,4,'Crossfit',45,'Wednesday','16:00'),(2,5,'Crossfit',45,'Wednesday','17:00'),(2,8,'Crossfit',30,'Wednesday','13:00'),(2,9,'Crossfit',30,'Wednesday','14:00'),(3,6,'Crossfit',45,'Monday','18:00'),(3,14,'Crossfit',45,'Friday','19:00'),(3,15,'Crossfit',45,'Friday','14:00'),(3,16,'Crossfit',45,'Friday','15:00'),(3,17,'Crossfit',45,'Monday','16:00'),(4,3,'Zumba',60,'Sunday','10:00'),(4,18,'Zumba',30,'Thursday','17:00'),(4,19,'Zumba',45,'Thursday','18:00'),(4,20,'Zumba',60,'Thursday','06:00'),(4,21,'Zumba',60,'Thursday','07:00'),(4,22,'Zumba',60,'Monday','08:00'),(4,23,'Zumba',60,'Sunday','09:00'),(5,3,'Cardio',60,'Tuesday','10:00'),(5,15,'Cardio',60,'Tuesday','16:00'),(5,25,'Cardio',30,'Sunday','11:00'),(5,26,'Cardio',30,'Sunday','09:00'),(5,27,'Cardio',30,'Sunday','10:00'),(5,28,'Cardio',30,'Sunday','11:00'),(5,29,'Cardio',45,'Sunday','12:00'),(5,30,'Cardio',45,'Sunday','13:00'),(5,31,'Cardio',45,'Monday','14:00'),(5,33,'Cardio',60,'Tuesday','11:00'),(5,52,'Cardio',45,'Monday','15:00'),(5,55,'Cardio',60,'Tuesday','12:00'),(5,79,'Cardio',60,'Tuesday','13:00'),(6,3,'Yoga',60,'Tuesday','14:00'),(6,4,'Yoga',45,'Friday','13:00'),(6,39,'Yoga',30,'Tuesday','15:00'),(6,40,'Yoga',30,'Tuesday','10:00'),(6,41,'Yoga',30,'Tuesday','11:00'),(6,42,'Yoga',45,'Friday','12:00'),(6,77,'Yoga',45,'Monday','14:00'),(6,78,'Yoga',45,'Monday','15:00'),(6,79,'Yoga',45,'Wednesday','16:00'),(6,80,'Yoga',60,'Wednesday','17:00'),(6,81,'Yoga',60,'Wednesday','18:00'),(6,82,'Yoga',30,'Tuesday','14:00'),(6,83,'Yoga',60,'Monday','11:00'),(6,84,'Yoga',60,'Tuesday','12:00'),(6,85,'Yoga',60,'Tuesday','13:00'),(6,99,'Yoga',60,'Monday','10:00'),(7,3,'Legs',60,'Tuesday','15:00'),(7,4,'Legs',45,'Friday','11:00'),(7,8,'Legs',60,'Tuesday','16:00'),(7,40,'Legs',60,'Tuesday','08:00'),(7,41,'Legs',30,'Tuesday','09:00'),(7,42,'Legs',30,'Tuesday','10:00'),(7,43,'Legs',30,'Tuesday','11:00'),(7,65,'Legs',30,'Monday','12:00'),(7,66,'Legs',30,'Monday','13:00'),(7,67,'Legs',30,'Monday','14:00'),(7,68,'Legs',30,'Friday','15:00'),(7,69,'Legs',30,'Friday','16:00'),(7,70,'Legs',30,'Friday','08:00'),(7,71,'Legs',30,'Friday','09:00'),(7,72,'Legs',30,'Friday','10:00'),(7,74,'Legs',45,'Friday','12:00'),(7,75,'Legs',45,'Monday','13:00'),(7,76,'Legs',45,'Monday','14:00'),(8,3,'Lifting',45,'Tuesday','16:00'),(8,4,'Lifting',45,'Tuesday','17:00'),(8,45,'Lifting',30,'Saturday','15:00'),(8,46,'Lifting',30,'Saturday','16:00'),(8,47,'Lifting',30,'Saturday','07:00'),(8,48,'Lifting',30,'Saturday','08:00'),(8,49,'Lifting',30,'Saturday','09:00'),(8,50,'Lifting',30,'Saturday','10:00'),(8,51,'Lifting',45,'Friday','11:00'),(8,52,'Lifting',45,'Friday','12:00'),(8,60,'Lifting',45,'Friday','13:00'),(8,61,'Lifting',45,'Thursday','14:00'),(8,62,'Lifting',45,'Thursday','15:00'),(9,3,'HIIT',30,'Tuesday','07:00'),(9,6,'HIIT',30,'Tuesday','08:00'),(9,55,'HIIT',30,'Tuesday','09:00'),(9,56,'HIIT',30,'Friday','10:00'),(9,57,'HIIT',30,'Friday','11:00'),(9,58,'HIIT',30,'Friday','12:00'),(9,59,'HIIT',30,'Monday','13:00');
/*!40000 ALTER TABLE `Lesson` ENABLE KEYS */;
UNLOCK TABLES;

--
-- Table structure for table `Member`
--

DROP TABLE IF EXISTS `Member`;
/*!40101 SET @saved_cs_client     = @@character_set_client */;
/*!50503 SET character_set_client = utf8mb4 */;
CREATE TABLE `Member` (
  `first_Name` varchar(50) DEFAULT NULL,
  `last_Name` varchar(50) DEFAULT NULL,
  `address` varchar(150) DEFAULT NULL,
  `birth_Date` datetime DEFAULT NULL,
  `sex` varchar(45) DEFAULT NULL,
  `member_ID` int NOT NULL,
  PRIMARY KEY (`member_ID`)
) ENGINE=InnoDB DEFAULT CHARSET=utf8mb4 COLLATE=utf8mb4_0900_ai_ci;
/*!40101 SET character_set_client = @saved_cs_client */;

--
-- Dumping data for table `Member`
--

LOCK TABLES `Member` WRITE;
/*!40000 ALTER TABLE `Member` DISABLE KEYS */;
INSERT INTO `Member` VALUES ('Tally','Luttger','801 4th Road','1974-12-15 07:20:22','Male',1),('Friedrick','Ducker','7341 Holy Cross Center','1985-06-25 06:28:15','Male',2),('Brendan','Josuweit','048 Cardinal Circle','1962-08-07 05:31:45','Male',3),('Alfons','Micklem','838 Killdeer Parkway','1965-02-18 19:37:47','Male',4),('Etienne','Dubber','8498 Rieder Trail','1973-08-14 03:37:30','Male',5),('Emelia','Feitosa','68503 Northridge Park','1990-11-15 03:13:12','Male',6),('Norbie','Pieter','8376 Summerview Avenue','1961-01-06 23:58:24','Male',7),('Filberte','Aiston','79 Sheridan Parkway','1974-10-12 08:05:56','Male',8),('Scarface','Warre','3 Beilfuss Court','1999-10-20 14:30:09','Male',9),('Lannie','Carabine','101 Morning Trail','1970-01-03 22:00:59','Female',10),('Miner','Rignoldes','74 Jackson Pass','2009-03-21 16:00:33','Female',11),('Jessalin','Bonder','65395 Scott Parkway','1976-12-20 20:15:23','Male',12),('Joshua','Rosenshine','5 Thompson Place','1986-09-22 14:27:30','Male',13),('Catrina','Eytel','5471 Calypso Alley','1962-03-24 04:06:39','Female',14),('Duke','Milward','42789 Harbort Court','1973-07-14 23:44:45','Male',15),('Naoma','Chamley','3 Southridge Trail','2001-12-19 00:25:20','Male',16),('Helenelizabeth','Beddon','60 Chive Street','1990-10-31 13:43:16','Female',17),('Cyndia','Wipfler','94 Texas Lane','1990-04-27 08:07:33','Male',18),('Liva','Ortells','2625 Hazelcrest Parkway','1993-01-16 16:32:05','Female',19),('Rey','Littlefield','46120 Jenifer Place','2005-03-09 23:17:17','Male',20),('Sig','Stickley','04106 American Ash Road','1976-08-27 01:12:30','Male',21),('Eugenia','Harness','80530 Meadow Valley Hill','1998-04-11 02:58:17','Female',22),('Thekla','Runnacles','05 Mayfield Court','1969-12-10 09:06:41','Female',23),('Tommy','Berkery','1569 West Terrace','1998-04-08 17:28:46','Female',24),('Cybill','Vicary','605 Farwell Circle','2000-07-13 10:21:59','Male',25),('Haskel','Houndesome','20075 Sunnyside Way','1968-10-07 12:09:29','Female',26),('Carlita','Linfield','62 Derek Road','2001-03-29 02:05:47','Male',27),('Federica','Rintoul','559 Crest Line Point','2001-10-01 11:40:24','Female',28),('Brenna','Bitcheno','21 Waywood Road','1962-12-01 01:24:50','Female',29),('Jodie','Brisse','17162 Spenser Lane','1979-07-27 07:26:31','Male',30),('Stacy','Mc Elory','261 Sunnyside Way','2005-10-11 19:22:52','Male',31),('Petrina','Trime','1487 Holmberg Road','1998-06-06 07:06:44','Male',32),('Todd','Beden','03 Vernon Avenue','1992-10-15 12:47:58','Female',33),('Tiler','Witchell','97352 Sommers Street','1975-09-23 22:34:24','Male',34),('Josephina','Englishby','99 Buena Vista Street','1996-08-17 10:43:53','Male',35),('Ned','Andryushin','3669 Nancy Crossing','1962-07-23 04:44:10','Female',36),('Ripley','Kiefer','49 Green Center','1962-04-03 11:28:12','Male',37),('Lyle','Foister','66864 Algoma Junction','1978-08-25 11:47:56','Male',38),('Phyllis','Sollom','27 Karstens Trail','1999-07-25 03:53:40','Female',39),('Hasheem','Fruser','68 Eastlawn Parkway','2000-10-28 00:18:26','Male',40),('Glenna','Estcot','366 Express Junction','1963-08-27 20:32:41','Female',41),('Merralee','Osgorby','296 8th Junction','1978-12-09 15:58:30','Male',42),('Laird','Hastwell','9980 Montana Way','1991-06-21 05:42:09','Male',43),('Cherish','O\'dell','7 Bunting Crossing','1982-08-23 00:46:19','Female',44),('Fowler','Ipplett','2 Roxbury Way','1975-08-15 12:26:20','Female',45),('Gretchen','McCole','4023 Merchant Street','1972-10-29 02:12:59','Female',46),('Pam','Seakin','162 Crowley Plaza','1984-02-17 13:45:50','Male',47),('Hugibert','Farmar','49 Kingsford Avenue','1969-09-27 21:03:25','Male',48),('Moll','Camin','088 6th Road','2007-06-21 16:13:26','Male',49),('Emmerich','Checklin','9 Bluestem Pass','1979-05-06 19:39:48','Female',50),('Krishnah','Warr','3230 Fairfield Parkway','2008-10-21 20:21:06','Male',51),('Nikaniki','Westhead','6331 Porter Drive','1977-03-06 10:55:13','Male',52),('Millard','Trigg','559 Vahlen Point','1974-11-23 04:01:46','Female',53),('Robin','Soltan','83299 Village Green Terrace','2005-06-27 17:51:51','Female',54),('Natalina','Mancell','9 Farragut Center','1986-11-12 05:04:26','Female',55),('Elaine','Schuster','46 Summerview Park','1977-11-20 14:02:59','Male',56),('Damon','Fripp','6580 Lerdahl Trail','2006-06-22 17:12:55','Male',57),('Nevins','Leadbitter','6863 Ridgeview Terrace','2003-09-22 02:50:56','Female',58),('Yevette','Menlove','19 Independence Junction','2005-04-08 14:46:17','Female',59),('Ozzie','Popplestone','25421 Calypso Drive','1999-06-16 05:17:38','Female',60),('Annabelle','Jakeway','81222 Stephen Plaza','1961-02-17 06:20:04','Female',61),('Itch','Frederick','1 Esker Junction','1976-02-25 03:43:27','Male',62),('Anastassia','Powley','6 Sunnyside Road','1963-06-12 07:09:01','Male',63),('Wilie','Grigolashvill','6718 Ryan Drive','1967-05-26 23:54:36','Female',64),('Daffy','Dibley','1 Surrey Parkway','1974-04-08 18:07:09','Male',65),('Cletus','Oleksiak','2873 Kim Avenue','1992-02-01 21:06:27','Male',66),('Trevor','Bettley','96 Del Sol Plaza','1982-08-17 06:51:21','Female',67),('Herta','Cicconetti','897 Golf View Court','2001-07-03 17:46:45','Male',68),('Leland','Yezafovich','401 Ramsey Parkway','1971-09-04 20:44:53','Male',69),('Ransom','Lissandri','8274 Milwaukee Way','2008-11-02 12:24:24','Female',70),('Jerrie','Howe','2445 Hansons Drive','1987-06-30 08:33:47','Female',71),('Phedra','Ennion','494 Gerald Park','1972-07-16 12:21:03','Male',72),('Ricki','Hackney','43541 Haas Junction','1968-05-26 07:38:27','Male',73),('Jody','Theobald','011 Pond Park','1978-01-20 04:46:35','Female',74),('Nealy','Giraux','20 Lakeland Alley','1961-12-14 02:29:39','Male',75),('Crissy','Adlam','68450 Hayes Junction','1972-06-04 01:12:58','Female',76),('Silvan','Avrahm','9 Ramsey Terrace','1977-08-20 22:12:28','Female',77),('Evey','Seggie','3 Dovetail Parkway','1983-03-23 09:59:14','Female',78),('Mair','Rottger','0 Ludington Court','2009-05-10 15:19:56','Male',79),('Winni','De Domenico','26 Old Shore Park','1994-02-12 08:13:45','Female',80),('Hadley','Guite','30 Vernon Park','1994-02-10 05:16:28','Male',81),('Freddi','McMoyer','2 Onsgard Street','1995-03-10 00:32:18','Female',82),('Eric','Vasyunkin','72599 Bayside Circle','1979-04-25 21:35:28','Female',83),('Ulrike','Bollom','01739 Autumn Leaf Park','1997-04-05 02:37:36','Female',84),('Deane','Rawsthorne','61512 Caliangt Park','1980-06-23 16:35:20','Male',85),('Bamby','Vedyashkin','46924 Ruskin Drive','1961-05-27 16:21:52','Female',86),('Glen','Kingdom','05 Harper Center','2008-07-14 06:20:22','Female',87),('Rosalind','Hambribe','93688 John Wall Pass','2002-04-16 10:53:32','Female',88),('Robinson','Antonikov','1734 Stuart Crossing','1988-04-02 09:13:38','Male',89),('Frederigo','Pardal','90 Bartillon Park','1987-06-23 12:00:34','Male',90),('Corine','Manion','4339 Kensington Court','1992-12-26 00:26:11','Male',91),('Peria','O\'Cannan','49 Donald Parkway','1970-09-29 17:11:40','Male',92),('Fancie','McMorran','1798 Stuart Way','1962-06-24 11:06:57','Male',93),('Nadeen','Redhole','54 Hallows Plaza','1960-08-22 06:49:10','Male',94),('Cynthy','Lonie','35 Kingsford Junction','1963-11-15 19:03:12','Male',95),('Cristian','Fontes','26458 Shelley Parkway','1998-01-29 18:04:07','Male',96),('Murry','Dillingstone','2 Atwood Lane','1985-09-27 05:03:14','Female',97),('Damaris','Curtain','0 Surrey Drive','1982-04-07 00:22:50','Female',98),('Ranna','Gunson','5 Oxford Crossing','1973-02-20 02:48:29','Male',99),('Meryl','Whistlecraft','7486 Starling Terrace','1991-02-04 00:35:36','Female',100),('Julianne','Veness','28 Eastlawn Pass','2001-03-23 13:06:36','Male',101),('Amie','Bagley','243 Porter Parkway','1974-01-09 20:25:34','Female',102),('Honor','Scawton','30230 Old Gate Pass','1973-05-03 15:35:19','Female',103),('Serena','Habergham','2 Banding Hill','1969-04-14 15:53:19','Male',104),('Clemence','McOmish','167 Saint Paul Place','1985-06-06 02:58:53','Male',105),('Sherwynd','Duddy','19 Green Circle','1995-01-24 05:07:38','Male',106),('Flossie','Kingaby','874 Pearson Junction','1978-06-08 09:03:58','Male',107),('Errol','Jakubovics','95 Weeping Birch Point','1972-01-24 04:16:50','Female',108),('Kimbra','Crowcombe','268 Dottie Lane','1994-08-29 19:00:07','Male',109),('Valaria','Hardwich','6799 Cherokee Parkway','1964-07-10 17:38:56','Male',110),('Alexis','Bouts','72 Autumn Leaf Place','1980-10-03 07:08:10','Male',111),('Kimbra','Colecrough','96 Kingsford Park','2008-09-10 07:48:08','Female',112),('Shandee','Goodhay','2 Alpine Parkway','1981-01-25 07:48:23','Male',113),('Beltran','Gimber','14536 Knutson Hill','2002-07-13 11:39:15','Male',114),('Carmel','MacIlhagga','11796 Blue Bill Park Terrace','1964-01-09 10:24:46','Male',115),('Ruby','Airlie','1 Shopko Drive','1972-06-20 09:26:42','Female',116),('Emmett','Everard','38743 Kinsman Park','1970-04-27 08:37:29','Female',117),('Justine','Hacquel','501 Northport Plaza','1970-09-27 03:49:22','Male',118),('Janina','Jiroutka','57 Reinke Court','1993-01-25 12:36:18','Male',119),('Neale','Keyson','0 Bay Avenue','1968-09-21 23:53:58','Male',120),('Moishe','Hainning','39 Clove Alley','1989-01-18 04:50:29','Female',121),('Myranda','Avann','32381 Surrey Park','1964-02-19 15:08:32','Female',122),('Sammy','Bader','2733 Rutledge Hill','2003-02-10 09:00:04','Female',123),('Courtnay','Wearing','29 Bunting Parkway','1976-08-24 20:38:43','Male',124),('Jordon','Werlock','37 Summer Ridge Parkway','1997-03-02 08:47:26','Female',125),('Aubry','Ornelas','70 Algoma Junction','2005-08-19 17:05:56','Male',126),('Toma','Blaisdale','6739 American Ash Court','1980-04-18 16:14:20','Female',127),('Sutton','Corssen','8 Hooker Center','1982-08-13 01:34:20','Female',128),('Lynnea','Wewell','6277 Loomis Terrace','2003-03-24 23:05:08','Male',129),('Pauly','Test','29 Loftsgordon Plaza','2004-04-15 13:46:14','Female',130),('Carlee','Laddle','276 Bobwhite Lane','2004-01-30 06:56:08','Male',131),('Gun','Potten','60 Messerschmidt Street','1975-06-06 09:38:39','Male',132),('Wit','O\' Mahony','18 Gale Circle','1970-03-16 00:15:29','Male',133),('Enrika','Templeton','66766 Larry Point','1963-11-07 05:46:25','Female',134),('Amory','Girton','6 Morrow Point','1982-10-15 07:39:10','Male',135),('Raychel','Batiste','59864 Rigney Crossing','1998-03-17 09:10:39','Male',136),('Orrin','Larwell','4 Marcy Plaza','1961-12-20 08:17:29','Female',137),('Patricia','Johansen','5175 Milwaukee Terrace','1966-04-29 15:28:21','Female',138),('Zacharia','Schule','287 School Circle','1964-09-21 12:53:09','Male',139),('Conan','Chard','3 Derek Way','1981-08-26 22:58:37','Female',140),('Garner','Comelli','9552 3rd Road','1960-11-20 04:47:18','Male',141),('Annmarie','Firbanks','5 Moland Avenue','1961-11-09 23:48:45','Male',142),('Merl','Pike','2550 Pond Pass','1993-12-17 01:15:42','Female',143),('Neila','Wrack','72934 Redwing Pass','1983-12-12 22:25:48','Male',144),('El','Edsall','580 Manufacturers Road','1963-05-29 09:36:53','Male',145),('Anissa','Ambrosetti','7181 Erie Place','1975-01-24 20:50:12','Male',146),('Bartolemo','Kingsworth','591 Loomis Avenue','1976-09-20 01:01:39','Male',147),('Sande','Madgwich','4 Hollow Ridge Lane','1961-05-06 17:51:57','Female',148),('Hieronymus','Schwier','7033 Weeping Birch Road','1996-05-15 08:40:04','Female',149),('Jarid','Adshead','620 Scoville Street','2000-08-12 12:54:01','Male',150),('Waldemar','Giddy','76161 Northport Avenue','1994-07-18 15:42:47','Male',151),('Ree','Doig','9384 Talmadge Crossing','2006-04-02 01:35:20','Male',152),('Jakob','Whimpenny','670 Northview Road','1986-07-14 04:25:55','Female',153),('Tallulah','Poplee','9 Columbus Terrace','1963-08-09 15:32:36','Male',154),('Gan','Basilotta','82 Randy Circle','2005-06-17 11:23:11','Female',155),('Ruby','Kerridge','51 Gulseth Circle','1976-12-20 02:55:39','Male',156),('Alessandra','McDavitt','1 New Castle Street','1981-03-02 22:49:51','Female',157),('Kissee','Morgon','48 Bonner Plaza','1963-06-29 04:41:31','Female',158),('Eadmund','Spinney','46502 Kensington Avenue','1960-10-24 18:10:54','Male',159),('Wren','Oglesbee','0 Randy Lane','1976-05-12 08:43:55','Male',160),('Myca','Rogerot','58475 Westridge Hill','1978-10-10 16:46:41','Female',161),('Harcourt','Soughton','172 Duke Hill','1980-08-25 23:36:01','Male',162),('Margot','Disley','41 Anzinger Junction','1987-02-21 09:34:03','Male',163),('Tanner','O\' Timony','035 Mcguire Road','1997-12-07 19:37:24','Male',164),('Jenn','Whoolehan','0051 Bobwhite Court','1977-08-30 21:34:42','Female',165),('Anna-diane','Woolford','8 Rieder Park','1968-03-27 10:11:16','Male',166),('Charmian','Thoday','996 Huxley Drive','1964-06-26 05:47:09','Female',167),('Buckie','Desborough','55 La Follette Lane','1985-11-06 22:13:23','Male',168),('Gretta','McFadin','56137 Wayridge Trail','1980-04-28 23:09:19','Female',169),('Loutitia','Freeth','77000 Maryland Junction','1999-10-20 10:29:18','Male',170),('Shayne','Freeburn','5 Golf Course Park','2008-03-20 16:26:33','Male',171),('Jorgan','Timbrell','094 Del Mar Plaza','1996-07-24 06:37:55','Female',172),('Joseito','Monard','22146 Fair Oaks Point','1965-08-28 20:31:22','Male',173),('Pierre','Whitney','2 Pennsylvania Drive','1966-12-11 15:35:55','Male',174),('Tabina','Dessent','9475 Merry Center','1976-06-04 15:57:04','Male',175),('Gussie','de Quesne','62288 Sage Alley','1979-01-17 17:27:19','Male',176),('Toiboid','Hornig','02180 Nevada Place','1974-06-29 03:26:46','Female',177),('Fernando','De Mitri','41383 American Center','1985-06-26 12:23:46','Female',178),('Daisie','Angrave','7788 Mayer Lane','1973-05-05 19:48:53','Male',179),('Ginelle','Pollard','343 Ryan Center','2001-01-30 22:06:53','Female',180),('Cullan','Brauns','471 Elmside Court','2000-07-14 21:42:01','Female',181),('Trudie','Gloves','9 Forest Parkway','1992-06-08 09:40:37','Male',182),('Kath','Crellim','9 Gale Street','1965-09-05 11:36:13','Male',183),('Evvy','Rubinovitsch','2328 Walton Alley','2004-11-03 23:54:36','Female',184),('Shea','Verden','308 3rd Pass','1989-01-19 06:16:38','Female',185),('Adler','Devons','78757 Sullivan Place','2005-09-21 00:34:11','Male',186),('Kiley','Mitcham','02 Eastlawn Place','1984-09-26 02:11:08','Female',187),('Rebe','Spitell','911 Jay Avenue','1999-03-30 09:39:32','Female',188),('Jolie','Denholm','425 Harper Trail','1961-04-10 12:34:47','Female',189),('Cornelle','Teather','1090 Miller Park','1988-07-31 20:39:56','Female',190),('Helaine','Arenson','6904 Mendota Pass','1961-05-11 17:57:39','Female',191),('Maxie','Benjamin','209 Westridge Crossing','1968-04-21 10:49:04','Female',192),('Celeste','Wadeling','67 Gerald Street','1977-09-18 15:34:59','Male',193),('Meade','Whitland','63791 Bunker Hill Way','1994-12-29 22:18:26','Female',194),('Keen','Matteoli','791 Caliangt Point','1971-07-28 03:09:57','Male',195),('Jonah','Cicccitti','480 Russell Alley','1992-06-17 06:08:17','Male',196),('Bride','Pullman','59 Summit Plaza','1982-08-10 07:03:22','Female',197),('Shell','Markos','51117 Brentwood Circle','1977-12-21 16:33:40','Male',198),('Lizbeth','McDuff','47 Birchwood Pass','1978-10-11 11:48:54','Male',199),('Pippa','Pigne','928 Kinsman Junction','1978-09-09 17:28:19','Female',200),('Gigi','Ramelet','621 Vera Center','1996-06-21 09:33:30','Male',201),('Ron','Grover','87 Mendota Street','2007-10-08 01:40:51','Female',202),('Paulo','Routham','285 Lerdahl Pass','1981-06-19 23:03:21','Male',203),('Hashim','Cleall','37494 Killdeer Pass','2007-01-28 20:31:56','Male',204),('Karissa','Stelljes','327 Express Parkway','2008-11-13 04:57:41','Male',205),('Colette','Dooley','1 Katie Court','1982-04-14 21:16:14','Female',206),('Chuck','De Ambrosis','9 Upham Lane','1978-09-13 20:59:00','Male',207),('Anitra','Castro','62 Northview Junction','1961-10-15 14:21:48','Female',208),('Lesya','Richardt','7617 Talisman Street','1984-03-22 20:18:33','Female',209),('Stephen','Darrington','835 Columbus Junction','1971-12-21 12:00:21','Female',210),('Maritsa','Aykroyd','8132 Stoughton Center','1984-11-29 18:44:03','Male',211),('Kippie','Woolam','3 Truax Junction','1978-01-13 00:34:59','Male',212),('Ruy','Beddoe','9018 Russell Point','1989-04-01 14:11:38','Female',213),('Frederico','Fensome','2 Vera Way','1960-08-19 23:20:57','Female',214),('Tommy','Glinde','1 Gulseth Road','1965-05-22 12:53:57','Female',215),('Wheeler','Ranby','225 Donald Way','1986-07-17 20:46:56','Female',216),('Randie','Cicchetto','164 Nobel Alley','1972-02-21 16:20:44','Male',217),('Alyda','Bucknill','0 Eagan Place','1983-04-07 04:04:03','Male',218),('Findley','Pesak','98 Mockingbird Terrace','1994-12-26 22:32:49','Male',219),('Alric','Pettifer','266 Meadow Ridge Alley','2001-12-25 10:55:12','Male',220),('Nicol','Britner','0 Sachtjen Hill','2001-03-26 10:29:21','Female',221),('Iris','Beckwith','0924 Florence Circle','1969-03-15 20:31:57','Female',222),('Rochester','Livens','729 Eliot Parkway','1984-09-10 14:50:59','Female',223),('Arnuad','Lofty','54895 Express Parkway','1979-12-19 21:24:57','Female',224),('Dorine','Lytle','820 Coleman Junction','1969-01-22 10:13:02','Female',225),('Gabriel','Abbey','919 Kennedy Avenue','1982-11-21 01:48:21','Female',226),('Heidi','Matitiaho','02027 Tennyson Plaza','1971-05-18 09:57:27','Female',227),('Patty','Stainland','4 Upham Plaza','2000-02-04 11:22:10','Male',228),('Talia','McAsgill','07 Tomscot Avenue','1987-12-05 01:44:14','Female',229),('Iago','Cartmel','85 Redwing Park','1972-05-11 04:21:13','Female',230),('Rikki','Wapplington','34132 Waxwing Circle','1977-06-30 18:27:47','Female',231),('Pamella','Hens','916 Vernon Avenue','1996-08-27 12:11:32','Male',232),('Michel','Coot','169 Sundown Lane','2003-12-12 18:57:39','Male',233),('Dylan','Skures','185 Spaight Alley','1965-01-05 11:10:52','Female',234),('Gerri','Smullin','80 Mockingbird Street','1963-08-17 15:08:02','Female',235),('Donavon','Broz','44257 Burrows Terrace','2001-12-25 02:53:33','Male',236),('Carce','McKellar','71982 Homewood Road','2008-06-07 10:18:54','Male',237),('Brandie','Antczak','5 Londonderry Drive','1980-04-26 06:13:41','Female',238),('Abdel','Persence','391 Eastlawn Plaza','1977-05-22 16:13:26','Male',239),('Hermy','Fruser','8971 Kings Hill','2001-12-06 21:13:32','Male',240),('Virgil','Banaszczyk','73 Dennis Center','1960-12-09 15:51:09','Female',241),('Grete','Starkings','56210 Lien Center','1979-03-12 17:33:36','Male',242),('Wrennie','Deschelle','63487 Oneill Park','1987-08-09 19:05:07','Male',243),('Kelley','Gemmill','8085 Mayfield Terrace','1974-10-19 15:14:00','Male',244),('Christabel','Huson','23 Bowman Trail','1994-04-18 09:40:09','Female',245),('Gran','Bulled','38 Waywood Crossing','2009-10-16 18:29:06','Female',246),('Melisande','Nuccitelli','967 David Place','1995-09-25 18:07:17','Male',247),('Rosamond','Keer','4397 Amoth Crossing','1974-03-08 23:52:09','Male',248),('Lethia','Stryde','45 Golf Road','1994-03-08 16:44:46','Female',249),('Bert','Tallent','49504 Leroy Point','1963-09-27 01:20:54','Female',250),('Ophelie','Towsie','7671 Dryden Park','1964-03-14 08:47:58','Male',251),('Floria','Skerme','401 Kennedy Lane','1984-06-03 04:17:25','Male',252),('Nathan','Schubart','60689 Annamark Terrace','1999-03-20 22:00:50','Female',253),('Lira','Newling','42 Browning Hill','1964-02-18 18:43:20','Male',254),('Albertine','Daughtry','4319 Annamark Point','1996-12-27 21:17:07','Male',255),('Rossy','Arrighetti','7 Westridge Park','1971-07-20 02:10:47','Female',256),('Elyssa','McArte','4 Rieder Point','1968-02-04 21:47:42','Male',257),('Ethelda','Dutt','797 Briar Crest Pass','1979-10-02 15:11:28','Male',258),('Wendall','Hundey','5414 Haas Plaza','1994-04-28 01:07:09','Female',259),('Rudd','Bastard','25492 Gateway Junction','1990-11-25 15:43:05','Male',260),('Killie','Gluyus','9 Loftsgordon Street','1987-04-11 06:10:08','Male',261),('Teriann','Burnapp','160 Golden Leaf Trail','1989-12-11 14:04:17','Male',262),('Johannes','Spohrmann','3 Loftsgordon Park','2004-10-24 02:32:25','Male',263),('Conrade','Hobell','22 Pearson Lane','1971-06-03 22:04:20','Male',264),('Gav','Raw','21 Grayhawk Way','1971-10-04 19:38:05','Female',265),('Odilia','Leyban','74061 Jackson Place','1983-10-23 18:49:07','Male',266),('Johnette','Klimuk','35 Scott Place','1991-08-14 22:42:14','Female',267),('Tessie','Alday','35 Boyd Trail','1983-02-20 13:09:53','Female',268),('Shanan','Beynke','994 Kim Parkway','1970-09-17 11:35:12','Female',269),('Katlin','Jodlowski','966 Arrowood Lane','1979-01-12 18:11:03','Male',270),('Codi','Shadwick','11 Kingsford Junction','1975-09-29 05:05:03','Male',271),('Brok','Baud','9748 Fallview Point','1978-09-09 00:22:09','Male',272),('Kingsly','Lazare','0714 Surrey Way','1985-10-26 12:10:12','Male',273),('Thea','Drewet','00 Hanson Circle','1983-07-25 18:21:37','Female',274),('Delilah','Keenleyside','18 Warbler Street','1969-01-02 04:41:31','Male',275),('Ambur','Catcheside','228 Ridge Oak Lane','1987-01-23 12:11:55','Female',276),('Gilberte','Nilges','370 Sloan Hill','1978-10-30 09:32:56','Female',277),('Hamid','Shury','178 American Ash Park','1984-12-01 10:26:23','Male',278),('Harcourt','Fleay','68 Hazelcrest Circle','1965-06-18 00:43:26','Male',279),('Chalmers','Ceeley','1 Armistice Avenue','2000-03-10 11:33:40','Male',280),('Sterling','Duell','325 Kipling Way','1979-08-14 22:25:33','Male',281),('Lucilia','Enstone','80340 Gale Crossing','1999-12-09 11:12:01','Male',282),('Hanson','Grinyov','74 John Wall Circle','1973-08-04 17:38:02','Male',283),('Oran','de la Tremoille','47570 Corry Point','1986-03-02 21:23:58','Male',284),('Walker','Heifer','2268 Redwing Hill','1972-05-09 19:20:52','Female',285),('Lynnell','Reffe','505 Judy Park','1995-11-04 23:02:50','Female',286),('Hermon','Figures','88 Barnett Avenue','1993-03-31 20:59:29','Female',287),('Daniella','Kordt','8501 Buena Vista Junction','2005-03-24 15:31:34','Male',288),('Wilhelmina','Rief','73 Fisk Street','1996-09-25 17:04:56','Female',289),('Yvonne','Roizin','3 Wayridge Drive','2004-04-01 21:01:59','Male',290),('Friederike','Lebond','12567 Petterle Pass','1986-10-17 05:30:33','Male',291),('Nolana','Aldersey','28415 Fairview Plaza','2000-05-02 02:05:31','Male',292),('Valida','Karlolczak','3 Badeau Center','1998-10-28 06:20:24','Male',293),('Aggi','Dumphrey','845 Everett Way','2004-09-21 04:19:51','Male',294),('Kassia','Jowle','69 Bartillon Trail','1992-01-04 00:12:33','Female',295),('Carlen','Seton','2 Kenwood Drive','1970-08-21 14:13:14','Female',296),('Mitzi','Gheerhaert','9719 Clemons Road','1993-07-03 14:24:41','Male',297),('Alasdair','Dranfield','775 Di Loreto Drive','1968-02-27 08:08:09','Male',298),('Nathaniel','Tessier','64208 Shopko Drive','1985-03-26 17:47:11','Male',299),('Kerby','Souch','56165 Ridgeway Drive','1983-11-04 18:58:04','Female',300);
/*!40000 ALTER TABLE `Member` ENABLE KEYS */;
UNLOCK TABLES;

--
-- Table structure for table `Private_Lesson`
--

DROP TABLE IF EXISTS `Private_Lesson`;
/*!40101 SET @saved_cs_client     = @@character_set_client */;
/*!50503 SET character_set_client = utf8mb4 */;
CREATE TABLE `Private_Lesson` (
  `lesson_ID` int NOT NULL,
  `member_ID` int NOT NULL,
  PRIMARY KEY (`lesson_ID`,`member_ID`),
  KEY `member_ID` (`member_ID`),
  CONSTRAINT `private_lesson_ibfk_1` FOREIGN KEY (`lesson_ID`) REFERENCES `Lesson` (`lesson_ID`),
  CONSTRAINT `private_lesson_ibfk_2` FOREIGN KEY (`member_ID`) REFERENCES `Member` (`member_ID`)
) ENGINE=InnoDB DEFAULT CHARSET=utf8mb4 COLLATE=utf8mb4_0900_ai_ci;
/*!40101 SET character_set_client = @saved_cs_client */;

--
-- Dumping data for table `Private_Lesson`
--

LOCK TABLES `Private_Lesson` WRITE;
/*!40000 ALTER TABLE `Private_Lesson` DISABLE KEYS */;
INSERT INTO `Private_Lesson` VALUES (2,3),(1,5),(3,7),(7,12),(3,22),(4,32),(7,33),(9,33),(9,44),(3,80),(7,99),(2,111),(4,111),(9,131),(7,194),(3,199),(4,222),(9,274);
/*!40000 ALTER TABLE `Private_Lesson` ENABLE KEYS */;
UNLOCK TABLES;

--
-- Table structure for table `Trainer`
--

DROP TABLE IF EXISTS `Trainer`;
/*!40101 SET @saved_cs_client     = @@character_set_client */;
/*!50503 SET character_set_client = utf8mb4 */;
CREATE TABLE `Trainer` (
  `employee_ID` int NOT NULL,
  PRIMARY KEY (`employee_ID`),
  CONSTRAINT `trainer_ibfk_1` FOREIGN KEY (`employee_ID`) REFERENCES `Employee` (`employee_ID`) ON DELETE RESTRICT ON UPDATE CASCADE
) ENGINE=InnoDB DEFAULT CHARSET=utf8mb4 COLLATE=utf8mb4_0900_ai_ci;
/*!40101 SET character_set_client = @saved_cs_client */;

--
-- Dumping data for table `Trainer`
--

LOCK TABLES `Trainer` WRITE;
/*!40000 ALTER TABLE `Trainer` DISABLE KEYS */;
INSERT INTO `Trainer` VALUES (1),(2),(3),(4),(5),(6),(7),(8),(9),(10),(11),(12),(13),(14),(15),(16),(17),(18),(19),(20),(21),(22),(23),(24),(25),(26),(27),(28),(29),(30),(31),(32),(33),(34),(35),(36),(37),(38),(39),(40),(41),(42),(43),(44),(45),(46),(47),(48),(49),(50);
/*!40000 ALTER TABLE `Trainer` ENABLE KEYS */;
UNLOCK TABLES;

--
-- Table structure for table `Working_Day`
--

DROP TABLE IF EXISTS `Working_Day`;
/*!40101 SET @saved_cs_client     = @@character_set_client */;
/*!50503 SET character_set_client = utf8mb4 */;
CREATE TABLE `Working_Day` (
  `working_Day` varchar(50) NOT NULL,
  `employee_ID` int NOT NULL,
  PRIMARY KEY (`employee_ID`,`working_Day`),
  CONSTRAINT `workingdays_ibfk_1` FOREIGN KEY (`employee_ID`) REFERENCES `Employee` (`employee_ID`) ON DELETE RESTRICT ON UPDATE CASCADE
) ENGINE=InnoDB DEFAULT CHARSET=utf8mb4 COLLATE=utf8mb4_0900_ai_ci;
/*!40101 SET character_set_client = @saved_cs_client */;

--
-- Dumping data for table `Working_Day`
--

LOCK TABLES `Working_Day` WRITE;
/*!40000 ALTER TABLE `Working_Day` DISABLE KEYS */;
INSERT INTO `Working_Day` VALUES ('Friday',1),('Monday',2),('Friday',3),('Sunday',4),('Tuesday',5),('Sunday',6),('Tuesday',7),('Wednesday',8),('Friday',9),('Tuesday',10),('Sunday',11),('Sunday',12),('Monday',13),('Friday',14),('Friday',15),('Friday',16),('Friday',17),('Thursday',18),('Tuesday',19),('Tuesday',20),('Friday',21),('Monday',22),('Thursday',23),('Wednesday',24),('Wednesday',25),('Thursday',26),('Thursday',27),('Saturday',28),('Saturday',29),('Saturday',30),('Friday',31),('Thursday',32),('Thursday',33),('Monday',34),('Tuesday',35),('Friday',36),('Wednesday',37),('Thursday',38),('Monday',39),('Friday',40),('Sunday',41),('Monday',42),('Sunday',43),('Tuesday',44),('Sunday',45),('Saturday',46),('Sunday',47),('Tuesday',48),('Saturday',49),('Monday',50),('Sunday',51),('Saturday',52),('Saturday',53),('Saturday',54),('Thursday',55),('Saturday',56),('Tuesday',57),('Thursday',58),('Sunday',59),('Wednesday',60),('Monday',61),('Friday',62),('Tuesday',63),('Friday',64),('Saturday',65),('Monday',66),('Sunday',67),('Friday',68),('Thursday',69),('Friday',70),('Sunday',71),('Friday',72),('Sunday',73),('Sunday',74),('Tuesday',75),('Sunday',76),('Wednesday',77),('Thursday',78),('Monday',79),('Monday',80),('Saturday',81),('Tuesday',82),('Sunday',83),('Tuesday',84),('Sunday',85),('Sunday',86),('Tuesday',87),('Saturday',88),('Saturday',89),('Tuesday',90),('Wednesday',91),('Thursday',92),('Saturday',93),('Thursday',94),('Thursday',95),('Friday',96),('Friday',97),('Monday',98),('Tuesday',99),('Tuesday',100);
/*!40000 ALTER TABLE `Working_Day` ENABLE KEYS */;
UNLOCK TABLES;
/*!40103 SET TIME_ZONE=@OLD_TIME_ZONE */;

/*!40101 SET SQL_MODE=@OLD_SQL_MODE */;
/*!40014 SET FOREIGN_KEY_CHECKS=@OLD_FOREIGN_KEY_CHECKS */;
/*!40014 SET UNIQUE_CHECKS=@OLD_UNIQUE_CHECKS */;
/*!40101 SET CHARACTER_SET_CLIENT=@OLD_CHARACTER_SET_CLIENT */;
/*!40101 SET CHARACTER_SET_RESULTS=@OLD_CHARACTER_SET_RESULTS */;
/*!40101 SET COLLATION_CONNECTION=@OLD_COLLATION_CONNECTION */;
/*!40111 SET SQL_NOTES=@OLD_SQL_NOTES */;

-- Dump completed on 2021-06-07 15:06:01
